CREATE DATABASE THUCANNHANH
USE THUCANNHANH

CREATE TABLE NHANVIEN(
	MANV VARCHAR(10) PRIMARY KEY,
	TENNV NVARCHAR(50) NOT NULL,
	GIOITINH NVARCHAR(3) CHECK (GIOITINH = N'nam' OR GIOITINH = N'nữ'),
	NGAYSINH DATE,
	DIACHI NVARCHAR(50),
	SDT VARCHAR(10),
	TRANGTHAI BIT DEFAULT 1,
)

CREATE TABLE KHACHHANG(
	MAKH VARCHAR(10) PRIMARY KEY,
	TENKH NVARCHAR(50) NOT NULL,
	SDT VARCHAR(10),
	DIACHI NVARCHAR(50),
	TRANGTHAI BIT DEFAULT 1,
)

CREATE TABLE NHACUNGCAP(
	MANCC VARCHAR(10) PRIMARY KEY,
	TENNCC NVARCHAR(50) NOT NULL,
	SDT VARCHAR(10),
	DIACHI NVARCHAR(50),
	TRANGTHAI BIT DEFAULT 1,
)

CREATE TABLE NGUYENLIEU(
	MANL VARCHAR(10) PRIMARY KEY,
	TENNL NVARCHAR(50) NOT NULL,
	SL INT NOT NULL,
	DONVITINH NVARCHAR(30) NOT NULL,
	DONGIA MONEY NOT NULL,
	HINHANH VARCHAR(100) NOT NULL,
	LOAI NVARCHAR(30) NOT NULL,
	TRANGTHAI BIT DEFAULT 1,
)

CREATE TABLE MONAN(
	MAMA VARCHAR(10) PRIMARY KEY,
	TENMA NVARCHAR(50) NOT NULL,
	SL INT NOT NULL,
	DONVITINH NVARCHAR(30) NOT NULL,
	DONGIA MONEY NOT NULL,
	HINHANH VARCHAR(100) NOT NULL,
	LOAI NVARCHAR(30) NOT NULL,
	TRANGTHAI BIT DEFAULT 1,
)

CREATE TABLE CHITIETMONAN(
	MAMA VARCHAR(10),
	MANL VARCHAR(10),
	SLNL INT NOT NULL,
	PRIMARY KEY (MAMA, MANL),
)

CREATE TABLE KHUYENMAI(
	MAKM VARCHAR(10) PRIMARY KEY,
	TENKM NVARCHAR(100) NOT NULL,
	DIEUKIEN NVARCHAR(100) NOT NULL,
	GIAMGIA FLOAT NOT NULL,
	NGAY_BD DATE NOT NULL,
	NGAY_KT DATE NOT NULL,
	TRANGTHAI BIT DEFAULT 1,
)

CREATE TABLE HOADON(
	MAHD VARCHAR(10) PRIMARY KEY,
	NGAYLAPHD DATE NOT NULL,
	TONGTIEN MONEY NOT NULL,
	TRANGTHAI BIT DEFAULT 1,
	MANV VARCHAR(10),
	MAKH VARCHAR(10),
	MAKM VARCHAR(10),
)

CREATE TABLE CHITIETHOADON(
	MAHD VARCHAR(10),
	MAMA VARCHAR(10),
	SL INT NOT NULL,
	GHICHU NVARCHAR(100),
	PRIMARY KEY (MAHD, MAMA),
)

CREATE TABLE PHIEUNHAP(
	MAPN VARCHAR(10) PRIMARY KEY,
	NGAYNHAP DATE NOT NULL,
	TONGTIEN MONEY NOT NULL,
	MANV VARCHAR(10),
	MANCC VARCHAR(10),
)

CREATE TABLE CHITIETPHIEUNHAP(
	MAPN VARCHAR(10),
	MANL VARCHAR(10),
	SL INT NOT NULL,
	PRIMARY KEY (MAPN, MANL),
)

CREATE TABLE QUYEN(
	MAQUYEN VARCHAR(10) PRIMARY KEY,
	TENQUYEN NVARCHAR(50) NOT NULL,
	MOTA NVARCHAR(200),
	TRANGTHAI BIT DEFAULT 1,
)

CREATE TABLE CHUCNANG(
	MACN VARCHAR(10) PRIMARY KEY,
	TENCN NVARCHAR(50) NOT NULL,
	MOTA NVARCHAR(200),
)
 
CREATE TABLE CHITIETPHANQUYEN(
	MAQUYEN VARCHAR(10),
	MACN VARCHAR(10),
	PRIMARY KEY (MAQUYEN, MACN),
)

CREATE TABLE TAIKHOAN(
	USERNAME VARCHAR(10) PRIMARY KEY,
	MATKHAU VARCHAR(20) NOT NULL,
	TRANGTHAI BIT DEFAULT 1,
	MAQUYEN VARCHAR(10),
)

ALTER TABLE HOADON ADD CONSTRAINT HD_MANV_FK FOREIGN KEY (MANV) REFERENCES NHANVIEN (MANV)

ALTER TABLE HOADON ADD CONSTRAINT HD_MAKH_FK FOREIGN KEY (MAKH) REFERENCES KHACHHANG (MAKH)

ALTER TABLE HOADON ADD CONSTRAINT HD_MAKM_FK FOREIGN KEY (MAKM) REFERENCES KHUYENMAI (MAKM)

ALTER TABLE CHITIETHOADON ADD CONSTRAINT CTHD_MAHD_FK FOREIGN KEY (MAHD) REFERENCES HOADON (MAHD)

ALTER TABLE CHITIETHOADON ADD CONSTRAINT CTHD_MAMA_FK FOREIGN KEY (MAMA) REFERENCES MONAN (MAMA)

ALTER TABLE PHIEUNHAP ADD CONSTRAINT PN_MANCC_FK FOREIGN KEY (MANCC) REFERENCES NHACUNGCAP (MANCC)

ALTER TABLE PHIEUNHAP ADD CONSTRAINT PN_MANV_FK FOREIGN KEY (MANV) REFERENCES NHANVIEN (MANV)

ALTER TABLE CHITIETPHIEUNHAP ADD CONSTRAINT CTPN_MAPN_FK FOREIGN KEY (MAPN) REFERENCES PHIEUNHAP (MAPN)

ALTER TABLE CHITIETPHIEUNHAP ADD CONSTRAINT CTPN_MANL_FK FOREIGN KEY (MANL) REFERENCES NGUYENLIEU (MANL)

ALTER TABLE CHITIETPHANQUYEN ADD CONSTRAINT CTPQ_MAQUYEN_FK FOREIGN KEY (MAQUYEN) REFERENCES QUYEN (MAQUYEN)

ALTER TABLE CHITIETPHANQUYEN ADD CONSTRAINT CTPQ_MACN_FK FOREIGN KEY (MACN) REFERENCES CHUCNANG (MACN)

ALTER TABLE TAIKHOAN ADD CONSTRAINT TK_MAQUYEN_FK FOREIGN KEY (MAQUYEN) REFERENCES QUYEN (MAQUYEN)

ALTER TABLE TAIKHOAN ADD CONSTRAINT USERNAME_FK FOREIGN KEY (USERNAME) REFERENCES NHANVIEN (MANV)

ALTER TABLE CHITIETMONAN ADD CONSTRAINT CTMA_MAMA_FK FOREIGN KEY (MAMA) REFERENCES MONAN (MAMA)

ALTER TABLE CHITIETMONAN ADD CONSTRAINT CTMA_MANL_FK FOREIGN KEY (MANL) REFERENCES NGUYENLIEU (MANL)

INSERT INTO CHUCNANG(MACN, TENCN)
VALUES
('CN01', N'Bán hàng'),
('CN02', N'Hóa đơn'),
('CN03', N'Nhập hàng'),
('CN04', N'Phiếu nhập'),
('CN05', N'Món ăn'),
('CN06', N'Nguyên liệu'),
('CN07', N'Nhân viên'),
('CN08', N'Khách hàng'),
('CN09', N'Nhà cung cấp'),
('CN10', N'Khuyến mãi'),
('CN11', N'Tài khoản'),
('CN12', N'Phân quyền'),
('CN13', N'Thống kê')

INSERT INTO NHANVIEN(MANV, TENNV, GIOITINH, NGAYSINH, DIACHI, SDT)
VALUES
('admin', N'Nguyễn Văn A', N'nam', '2003-08-17', N'Quận 1, Thành phố Hồ Chí Minh', '0123456789'),
('NV001', N'Trần Thị B', N'nữ', '2001-09-18', N'Quận 2, Thành phố Hồ Chí Minh', '0987654321'),
('NV002', N'Lê Văn C', N'nam', '2004-10-19', N'Quận 3, Thành phố Hồ Chí Minh', '0123123123'),
('NV003', N'Nguyễn Thị D', N'nữ', '1999-11-20', N'Quận 4, Thành phố Hồ Chí Minh', '0456456456'),
('NV004', N'Phan Văn E', N'nam', '2000-12-21', N'Quận 5, Thành phố Hồ Chí Minh', '0789789789')

INSERT INTO TAIKHOAN(USERNAME, MATKHAU, MAQUYEN)
VALUES
('admin', 'admin', 'Q01'),
('NV001', 'nv001', 'Q02'),
('NV002', 'nv002', 'Q03'),
('NV003', 'nv003', 'Q04'),
('NV004', 'nv004', 'Q05')

INSERT INTO KHACHHANG(MAKH, TENKH, SDT, DIACHI)
VALUES
('KH001', N'Nguyễn Văn Nam', '0123456781', N'Quận 6, Thành phố Hồ Chí Minh'),
('KH002', N'Trần Thị Thu', '0987654329', N'Quận 7, Thành phố Hồ Chí Minh'),
('KH003', N'Lê Văn Chiến', '0123123120', N'Quận 8, Thành phố Hồ Chí Minh'),
('KH004', N'Nguyễn Thị Diễm', '0456456455', N'Quận 9, Thành phố Hồ Chí Minh'),
('KH005', N'Phan Văn Sang', '0789789781', N'Quận 10, Thành phố Hồ Chí Minh')

INSERT INTO HOADON(MAHD, NGAYLAPHD, TONGTIEN, MANV, MAKH)
VALUES
('HD001', '2023-01-15', 165000, 'NV001', 'KH001'),
('HD002', '2023-03-18', 50000, 'NV003', 'KH003'),
('HD003', '2023-04-20', 390000, 'NV004', 'KH002'),
('HD004', '2023-09-26', 90000, 'admin', 'KH005'),
('HD005', '2023-12-30', 260000, 'NV002', 'KH004')

INSERT INTO MONAN(MAMA, TENMA, SL, DONVITINH, DONGIA, HINHANH, LOAI, TRANGTHAI)
VALUES
('MA001', N'Hamburger gà', 20, N'Cái', 35000, 'burger.jpg', N'Burger',1),
('MA002', N'Pizza cá hồi', 10, N'Cái', 45000, 'pizza_ca_hoi.jpg', N'Pizza',1),
('MA003', N'CocaCola', 30, N'Chai', 20000, 'coke.jpg', N'Nước',1),
('MA004', N'Khoai tây chiên', 35, N'Phần', 30000, 'khoaitay.jpg', N'Khác',1),
('MA005', N'Gà rán', 15, N'Miếng', 45000, 'chicken.jpg', N'Gà',1)

INSERT INTO CHITIETHOADON(MAHD, MAMA, SL)
VALUES
('HD001', 'MA001', 1),
('HD001', 'MA002', 2),
('HD001', 'MA003', 2),
('HD002', 'MA004', 1),
('HD002', 'MA003', 1),
('HD003', 'MA001', 3),
('HD003', 'MA002', 3),
('HD003', 'MA004', 3),
('HD003', 'MA003', 3),
('HD004', 'MA005', 2),
('HD005', 'MA005', 4),
('HD005', 'MA003', 4)

INSERT INTO QUYEN(MAQUYEN, TENQUYEN)
VALUES
('Q01', N'Admin'),
('Q02', N'Quản lý'),
('Q03', N'Nhân viên kiểm kê'),
('Q04', N'Nhân viên bán hàng'),
('Q05', N'Nhân viên nhập hàng')

INSERT INTO CHITIETPHANQUYEN(MAQUYEN, MACN)
VALUES
('Q01', 'CN01'),
('Q01', 'CN02'),
('Q01', 'CN03'),
('Q01', 'CN04'),
('Q01', 'CN05'),
('Q01', 'CN06'),
('Q01', 'CN07'),
('Q01', 'CN08'),
('Q01', 'CN09'),
('Q01', 'CN10'),
('Q01', 'CN11'),
('Q01', 'CN12'),
('Q01', 'CN13'),
('Q02', 'CN02'),
('Q02', 'CN04'),
('Q02', 'CN05'),
('Q02', 'CN06'),
('Q02', 'CN07'),
('Q02', 'CN08'),
('Q02', 'CN09'),
('Q02', 'CN10'),
('Q02', 'CN11'),
('Q02', 'CN12'),
('Q02', 'CN13'),
('Q03', 'CN02'),
('Q03', 'CN04'),
('Q03', 'CN13'),
('Q04', 'CN01'),
('Q04', 'CN02'),
('Q04', 'CN05'),
('Q04', 'CN08'),
('Q04', 'CN10'),
('Q05', 'CN03'),
('Q05', 'CN04'),
('Q05', 'CN06'),
('Q05', 'CN09')

